{
  "interactionModel": {
    "languageModel": {
      "invocationName": "mickey mouse",
      "intents": [
        {
          "name": "AMAZON.CancelIntent",
          "samples": []
        },
        {
          "name": "AMAZON.HelpIntent",
          "samples": []
        },
        {
          "name": "AMAZON.StopIntent",
          "samples": []
        },
        {
          "name": "AMAZON.NavigateHomeIntent",
          "samples": []
        },
        {
          "name": "mickeymouseIntent",
          "slots": [],
          "samples": [
            "tell me something",
            "tell me about mickey mouse",
            "tell me a random quick",
            "tell me a fact"
          ]
        },
        {
          "name": "AMAZON.FallbackIntent",
          "samples": []
        }
      ],
      "types": []
    }
  },
  "version": "4"
}