{
  "manifest": {
    "apis": {
      "custom": {
        "endpoint": {
          "uri": "arn:aws:lambda:eu-west-1:774418267166:function:c5ce11ba-a69d-422e-b2d4-d2ef39cda6a2:Release_0"
        },
        "interfaces": [],
        "regions": {
          "NA": {
            "endpoint": {
              "uri": "arn:aws:lambda:us-east-1:774418267166:function:c5ce11ba-a69d-422e-b2d4-d2ef39cda6a2:Release_0"
            }
          },
          "EU": {
            "endpoint": {
              "uri": "arn:aws:lambda:eu-west-1:774418267166:function:c5ce11ba-a69d-422e-b2d4-d2ef39cda6a2:Release_0"
            }
          },
          "FE": {
            "endpoint": {
              "uri": "arn:aws:lambda:us-west-2:774418267166:function:c5ce11ba-a69d-422e-b2d4-d2ef39cda6a2:Release_0"
            }
          }
        }
      }
    },
    "manifestVersion": "1.0",
    "publishingInformation": {
      "distributionCountries": [],
      "isAvailableWorldwide": true,
      "locales": {
        "en-IN": {
          "name": "Mickey Mouse"
        }
      },
      "testingInstructions": "Sample Testing Instructions."
    }
  }
}